Proxy,Country,Region,City,Location,Organization,Error
209.38.236.89:3128,DE,Hesse,Frankfurt am Main,"50.1155,8.6842","AS14061 DigitalOcean, LLC",None
103.152.112.120:80,US,California,San Jose,"37.3394,-121.8950",AS46997 Black Mesa Corporation,None
206.189.41.13:8888,CN,Shanghai,Shanghai,"31.2222,121.4581",AS4837 CHINA UNICOM China169 Backbone,None
152.26.229.34:9443,US,Washington,Moses Lake,"47.1301,-119.2781",AS8075 Microsoft Corporation,None
192.73.244.36:80,US,Florida,Lockhart,"28.6194,-81.4426","AS33182 HostDime.com, Inc.",None
152.26.229.46:9443,GB,England,London,"51.5085,-0.1257","AS249941 MOSDXS Company, LLC",None
123.154.251.94:8085,SG,Singapore,Singapore,"1.2897,103.8501","AS26496 GoDaddy.com, LLC",None
4.155.2.13:9401,BD,Dhaka Division,Dhaka,"23.7104,90.4074",AS133957 SOL-BD,None
198.49.68.80:80,US,Washington,Moses Lake,"47.1301,-119.2781",AS8075 Microsoft Corporation,None
103.170.96.64:8090,CN,Shanghai,Shanghai,"31.2222,121.4581",AS56047 China Mobile communications corporation,None
152.26.229.88:9443,LT,Vilnius,Vilnius,"54.6892,25.2798",AS47583 Hostinger International Limited,None
27.254.99.183:8118,IN,Maharashtra,Mumbai,"19.0728,72.8826",AS47583 Hostinger International Limited,None
124.121.2.221:8080,AE,Dubai,Dubai,"25.0772,55.3093","AS45102 Alibaba (US) Technology Co., Ltd.",None
211.234.125.5:443,ID,Jakarta,Jakarta,"-6.2146,106.8451",AS46063 PT.Graha Telekomunikasi Indonesia,None
41.76.220.35:8088,HK,Hong Kong,Hong Kong,"22.2783,114.1747",AS51847 Nearoute Limited,None
8.221.138.111:100,SG,Singapore,Sengkang New Town,"1.3917,103.8944",AS4773 MobileOne Ltd. Mobile/Internet Service Provider Singapore,None
128.90.145.180:8118,JP,Hyōgo,Kobe,"34.6913,135.1830",AS24282 KAGOYA JAPAN Inc.,None
183.162.197.197:8060,US,New York,Buffalo,"42.8864,-78.8784",AS19084 ColoUp,None
190.94.213.58:999,BR,Rio Grande do Norte,Encanto,"-6.1106,-38.3053",AS28126 BRISANET SERVICOS DE TELECOMUNICACOES S.A,None
76.169.129.241:8080,GB,England,London,"51.5085,-0.1257","AS249941 MOSDXS Company, LLC",None
97.74.87.226:80,MN,Ulaanbaatar,Ulan Bator,"47.9077,106.8832",AS17882 Univision LLC,None
67.43.228.253:21413,US,Virginia,Sterling,"39.0062,-77.4286",AS8075 Microsoft Corporation,None
150.95.104.109:8080,HK,Central and Western,Central,"22.2830,114.1585","AS396856 Sharon Networks, LLC",None
103.49.202.252:80,ID,Jakarta,Jakarta,"-6.2146,106.8451",AS45700 PT. NAP Info Lintas Nusa,None
4.155.2.13:9480,RU,St.-Petersburg,Saint Petersburg,"59.9386,30.3141",AS20632 PJSC MegaFon,None
36.95.82.69:8080,ZA,Gauteng,Pretoria,"-25.7449,28.1878",AS37403 Info-Gro (PTY) Ltd,None
183.215.23.242:9091,AU,Victoria,Melbourne,"-37.8234,144.9676",AS4764 Aussie Broadband,None
85.117.56.151:8080,IN,Tamil Nadu,Madurai,"9.9190,78.1195",AS24309 Atria Convergence Technologies Pvt. Ltd. Broadband Internet Service Provider INDIA,None
89.116.23.45:80,BD,Dhaka Division,Dhaka,"23.7104,90.4074",AS136395 Mahfujul Haque t/a Expert Online,None
5.78.124.240:40004,GT,Guatemala,Guatemala City,"14.6407,-90.5133","AS263781 ONNO NETWORKS, SOCIEDAD ANÓNIMA",None
35.247.210.0:31987,ID,Jakarta,Jakarta,"-6.2146,106.8451",AS152045 PT Petabyte Network Indonesia,None
89.116.34.113:80,AR,Buenos Aires F.D.,Buenos Aires,"-34.6131,-58.3772",AS20207 Gigared S.A.,None
103.154.77.32:89,EC,Pichincha,Quito,"-0.2298,-78.5250",AS19114 Otecel S.A.,None
186.113.232.105:8080,MX,San Luis Potosí,San Luis Potosí,"22.1498,-100.9792",AS22884 TOTAL PLAY TELECOMUNICACIONES SA DE CV,None
152.26.229.47:9443,CN,Guangdong,Guangzhou,"23.1167,113.2500",AS56040 China Mobile communications corporation,None
221.231.13.198:1080,GB,England,London,"51.5085,-0.1257",AS16276 OVH SAS,None
47.91.104.88:3128,VN,Hanoi,Hanoi,"21.0245,105.8412",AS135905 VIETNAM POSTS AND TELECOMMUNICATIONS GROUP,None
194.4.57.200:3128,CN,Guangdong,Shenzhen,"22.5455,114.0683",AS23764 CTGNet,None
27.112.66.122:8181,KH,Phnom Penh,Phnom Penh,"11.5625,104.9160","AS38901 EZECOM CO., LTD.",None
159.89.239.166:8120,NL,South Holland,Naaldwijk,"51.9942,4.2097",AS49981 WorldStream B.V.,None
38.54.71.67:80,FI,Uusimaa,Helsinki,"60.1695,24.9354",AS24940 Hetzner Online GmbH,None
23.26.217.101:10000,KE,Nairobi County,Nairobi,"-1.2833,36.8167",AS37061 Safaricom Limited,None
143.42.66.91:80,BD,Dhaka Division,Dhaka,"23.7104,90.4074",AS23688 Link3 Technologies Ltd.,None
98.8.195.160:443,PK,Punjab,Rawalpindi,"33.5973,73.0479",AS17557 Pakistan Telecommunication Company Limited,None
103.164.235.18:8085,CH,Valais,Oberwald,"46.5319,8.3550",AS264617 GRUPO PANAGLOBAL 15 S.A,None
67.43.227.230:29343,Unknown,Unknown,Unknown,Unknown,Unknown,None
43.247.38.57:8680,GT,Guatemala,Guatemala City,"14.6407,-90.5133",AS265684 INFINITUM S.A.,None
91.185.58.68:8080,DE,Hesse,Frankfurt am Main,"50.1112,8.6831","AS45102 Alibaba (US) Technology Co., Ltd.",None
219.92.177.225:8080,AE,Dubai,Dubai,"25.0772,55.3093",AS199524 G-Core Labs S.A.,None
133.18.234.13:80,CN,Henan,Zhengzhou,"34.7578,113.6486","AS137687 Luoyang, Henan Province, P.R.China.",None
189.22.234.36:80,BR,Pernambuco,Cedro,"-7.7217,-39.2389",AS52535 Elonet Provedor de Internet Ltda,None
58.147.186.214:3125,KR,Seoul,Seoul,"37.5660,126.9784","AS45102 Alibaba (US) Technology Co., Ltd.",None
182.93.75.162:8080,MX,Michoacán,Morelia,"19.7008,-101.1844",AS28398 INTERNET TELEFONIA Y TV DE MICHOACAN SA DE CV,None
210.87.125.58:1080,JP,Tokyo,Tokyo,"35.6895,139.6917","AS45102 Alibaba (US) Technology Co., Ltd.",None
124.6.155.170:3131,US,North Carolina,Cary,"35.7915,-78.7811",AS81 MCNC,None
157.230.89.122:18109,VN,Thái Bình Province,Thái Bình,"20.4500,106.3400",AS7552 Viettel Group,None
63.143.57.115:80,US,Washington,Moses Lake,"47.1301,-119.2781",AS8075 Microsoft Corporation,None
82.118.225.151:8080,CN,Shanghai,Shanghai,"31.2222,121.4581",AS4134 CHINANET-BACKBONE,None
72.10.160.94:3733,CN,Guangdong,Shenzhen,"22.5455,114.0683",AS4134 CHINANET-BACKBONE,None
45.155.207.142:50000,ID,West Java,Bogor,"-6.5944,106.7892",AS23679 PT. Media Antar Nusa,None
162.223.90.130:80,ID,Jakarta,Jakarta,"-6.2146,106.8451",AS7713 PT Telekomunikasi Indonesia,None
103.184.54.3:7777,GB,England,London,"51.5085,-0.1257","AS249941 MOSDXS Company, LLC",None
206.42.28.150:8800,ID,Jakarta,Jakarta,"-6.2146,106.8451",AS17451 BIZNET NETWORKS,None
82.180.132.69:80,GB,England,London,"51.5085,-0.1257","AS249941 MOSDXS Company, LLC",None
47.91.109.17:5060,IN,Gujarat,Ahmedabad,"23.0258,72.5873",AS45916 Gujarat Telelink Pvt Ltd,None
67.43.236.19:24723,BR,São Paulo,São Paulo,"-23.5475,-46.6361",AS4230 CLARO S.A.,None
185.105.102.189:80,US,Iowa,Council Bluffs,"41.2619,-95.8608",AS15169 Google LLC,None
45.224.149.179:999,ID,Riau,Bagan Hilir,"2.1805,100.8106",AS139415 PT Trinity Teknologi Nusantara,None
46.4.246.198:3128,ID,Jakarta,Jakarta,"-6.2146,106.8451",AS141082 PT Trika Global Media,None
180.112.180.114:8089,IN,Telangana,Hyderābād,"17.4381,78.5406",AS150008 Pioneer Elabs Ltd.,None
172.191.74.198:8080,ID,Jambi,Muara Bungo,"-1.4902,102.1149",AS58821 PT Lintas Jaringan Nusantara,None
189.22.234.46:80,US,Massachusetts,Boston,"42.3584,-71.0598","AS22616 ZSCALER, INC.",None
114.250.20.192:9000,ID,Jakarta,Jakarta,"-6.2146,106.8451","AS132203 Tencent Building, Kejizhongyi Avenue",None
67.43.228.253:1105,TH,Bangkok,Bangkok,"13.7540,100.5014",AS45758 Triple T Broadband Public Company Limited,None
103.46.10.27:7777,CN,Shanghai,Shanghai,"31.2222,121.4581",AS4809 China Telecom Next Generation Carrier Network,None
109.234.38.25:3128,UA,Dnipropetrovsk,Dnipro,"48.4666,35.0407",AS15377 TRADITIONAL LLC,None
157.254.53.50:80,HR,Zagreb,Zagreb,"45.8144,15.9780",AS205714 Telemach Hrvatska d.o.o.,None
27.131.250.222:8080,IN,Uttar Pradesh,Ghāziābād,"28.6654,77.4391","AS24560 Bharti Airtel Ltd., Telemedia Services",None
1.202.174.38:49080,GB,England,London,"51.5085,-0.1257","AS249941 MOSDXS Company, LLC",None
67.43.236.20:10953,FR,Hauts-de-France,Lille,"50.6330,3.0586",AS16276 OVH SAS,None
103.78.215.253:8080,PK,Punjab,Lahore,"31.5580,74.3507",AS59257 CMPak Limited,None
103.22.99.253:8080,GB,England,London,"51.5085,-0.1257","AS249941 MOSDXS Company, LLC",None
142.93.202.130:3128,PH,Metro Manila,Manila,"14.6042,120.9822",AS9299 Philippine Long Distance Telephone Company,None
46.47.197.210:3128,GB,England,London,"51.5085,-0.1257","AS249941 MOSDXS Company, LLC",None
38.159.227.138:999,GB,England,London,"51.5085,-0.1257","AS16509 Amazon.com, Inc.",None
189.173.185.66:999,US,Washington,Moses Lake,"47.1301,-119.2781",AS8075 Microsoft Corporation,None
4.175.200.138:8080,ID,West Java,Cikarang,"-6.2611,107.1528",AS58821 PT Lintas Jaringan Nusantara,None
190.16.199.142:3128,Unknown,Unknown,Unknown,Unknown,Unknown,None
184.82.55.109:8080,Unknown,Unknown,Unknown,Unknown,Unknown,None
189.85.82.38:3128,TR,Hatay,Reyhanlı,"36.2679,36.5675",AS202561 High Speed Telekomunikasyon ve Hab. Hiz. Ltd. Sti.,None
41.242.44.13:8082,GB,England,London,"51.5085,-0.1257","AS249941 MOSDXS Company, LLC",None
178.48.68.61:18080,BR,São Paulo,São Paulo,"-23.5475,-46.6361",AS396982 Google LLC,None
190.90.39.78:999,CL,Santiago Metropolitan,Santiago,"-33.4569,-70.6483",AS265662 TLINK SPA,None
119.148.61.130:8080,TW,Taiwan,Tainan,"22.9908,120.2133",AS3462 Data Communication Business Group,None
103.154.77.75:89,FR,Île-de-Franc,Paris,"48.8534,2.3488","AS16509 Amazon.com, Inc.",None
181.78.216.90:999,CN,Shanghai,Shanghai,"31.2222,121.4581",AS148981 China Telecom,None
167.249.30.253:999,KE,Nairobi County,Nairobi,"-1.2833,36.8167",AS36866 Jamii Telecommunications Limited,None
191.7.216.210:8080,GB,England,London,"51.5085,-0.1257","AS249941 MOSDXS Company, LLC",None
67.43.236.20:3063,CN,Beijing,Beijing,"39.9075,116.3972","AS37963 Hangzhou Alibaba Advertising Co.,Ltd.",None
190.211.172.182:999,DE,Hesse,Frankfurt am Main,"50.1025,8.6299","AS16509 Amazon.com, Inc.",None
51.75.206.209:80,IN,Maharashtra,Mumbai,"19.0728,72.8826","AS16509 Amazon.com, Inc.",None
72.10.164.178:16185,Unknown,Unknown,Unknown,Unknown,Unknown,None
218.23.15.154:9002,GB,England,London,"51.5085,-0.1257","AS249941 MOSDXS Company, LLC",None
103.137.85.29:84,Unknown,Unknown,Unknown,Unknown,Unknown,None
196.251.195.254:8083,GB,England,London,"51.5085,-0.1257","AS249941 MOSDXS Company, LLC",None
38.210.83.11:8181,IN,Maharashtra,Artist Village,"19.0323,73.0428",AS137098 Delix Net Solution Pvt. Ltd,None
116.231.164.38:8118,US,Massachusetts,Boston,"42.3584,-71.0598","AS22616 ZSCALER, INC.",None
211.234.125.3:443,GB,England,London,"51.5085,-0.1257","AS249941 MOSDXS Company, LLC",None
38.7.22.178:999,GB,England,London,"51.5085,-0.1257","AS249941 MOSDXS Company, LLC",None
36.92.28.34:8080,GB,England,London,"51.5085,-0.1257","AS249941 MOSDXS Company, LLC",None
110.136.126.75:8080,US,Ohio,Hilliard,"40.0334,-83.1582","AS16509 Amazon.com, Inc.",None
219.93.101.60:80,HK,Central and Western,Central,"22.2830,114.1585","AS396856 Sharon Networks, LLC",None
103.190.112.210:8080,CO,Santander Department,Barrancabermeja,"7.0653,-73.8547",AS13489 UNE EPM TELECOMUNICACIONES S.A.,None
43.154.134.238:50001,GB,England,London,"51.5085,-0.1257","AS16509 Amazon.com, Inc.",None
103.125.154.225:8080,JP,Tokyo,Tokyo,"35.6895,139.6917","AS16509 Amazon.com, Inc.",None
112.209.50.194:8082,Unknown,Unknown,Unknown,Unknown,Unknown,None
103.153.246.130:8282,Unknown,Unknown,Unknown,Unknown,Unknown,None
149.86.146.45:8080,GB,England,London,"51.5085,-0.1257","AS249941 MOSDXS Company, LLC",None
188.166.56.246:80,GB,England,London,"51.5085,-0.1257","AS249941 MOSDXS Company, LLC",None
103.79.155.210:8080,JP,Tokyo,Tokyo,"35.6895,139.6917","AS45102 Alibaba (US) Technology Co., Ltd.",None
118.172.184.25:8180,CA,British Columbia,Surrey,"49.1063,-122.8251",AS852 TELUS Communications Inc.,None
103.86.109.38:80,Unknown,Unknown,Unknown,Unknown,Unknown,None
103.169.41.243:8080,FR,Hauts-de-France,Gravelines,"50.9865,2.1281",AS16276 OVH SAS,None
203.115.124.75:8080,GB,England,London,"51.5085,-0.1257","AS249941 MOSDXS Company, LLC",None
138.118.106.121:999,GB,England,London,"51.5085,-0.1257","AS249941 MOSDXS Company, LLC",None
210.79.146.98:8080,US,California,San Joe,"37.3394,-121.8950","AS16509 Amazon.com, Inc.",None
190.7.57.84:8080,TW,Taiwan,Taichung,"24.1469,120.6839",AS18049 Taiwan Infrastructure Network Technologie,None
72.10.160.170:11571,Unknown,Unknown,Unknown,Unknown,Unknown,None
200.24.146.93:999,VN,Hanoi,Hanoi,"21.0245,105.8412",AS135905 VIETNAM POSTS AND TELECOMMUNICATIONS GROUP,None
165.0.136.30:8080,Unknown,Unknown,Unknown,Unknown,Unknown,None
81.223.55.43:8080,FR,Île-de-Franc,Paris,"48.8534,2.3488","AS16509 Amazon.com, Inc.",None
160.22.65.15:8080,US,Virginia,Sterling,"39.0062,-77.4286",AS8075 Microsoft Corporation,None
103.159.46.14:83,IN,Maharashtra,Mumbai,"19.0728,72.8826",AS47583 Hostinger International Limited,None
201.77.98.131:999,FR,Île-de-Franc,Paris,"48.8534,2.3488","AS16509 Amazon.com, Inc.",None
181.188.238.149:999,Unknown,Unknown,Unknown,Unknown,Unknown,None
103.186.90.18:8080,GB,England,London,"51.5085,-0.1257","AS16509 Amazon.com, Inc.",None
63.143.57.119:80,Unknown,Unknown,Unknown,Unknown,Unknown,None
187.49.83.164:8286,Unknown,Unknown,Unknown,Unknown,Unknown,None
49.48.40.165:8080,KH,Phnom Penh,Phnom Penh,"11.5625,104.9160",AS38235 ANGKOR DATA COMMUNICATION,None
187.190.0.247:999,GB,England,London,"51.5085,-0.1257","AS249941 MOSDXS Company, LLC",None
183.234.215.11:8443,GB,England,London,"51.5085,-0.1257","AS249941 MOSDXS Company, LLC",None
103.7.106.26:3125,JP,Tokyo,Tokyo,"35.6895,139.6917","AS16509 Amazon.com, Inc.",None
3.85.137.231:8888,RU,Moscow Oblast,Domodedovo,"55.4422,37.7537",AS47335 ABN LTD,None
103.55.22.231:8080,BR,São Paul,São Paul,"-23.5475,-46.6361","AS16509 Amazon.com, Inc.",None
78.108.108.9:8080,GB,England,London,"51.5085,-0.1257","AS249941 MOSDXS Company, LLC",None
54.38.210.180:3128,GB,England,London,"51.5085,-0.1257","AS249941 MOSDXS Company, LLC",None
45.230.51.130:999,BR,São Paul,São Paul,"-23.5475,-46.6361","AS16509 Amazon.com, Inc.",None
1.160.3.219:8081,GB,England,London,"51.5085,-0.1257","AS249941 MOSDXS Company, LLC",None
189.22.234.35:80,VE,Distrito Federal,Caracas,"10.4880,-66.8792",AS27717 Corporacion Digitel C.A.,None
61.186.243.6:9002,Unknown,Unknown,Unknown,Unknown,Unknown,None
123.30.154.171:7777,ID,East Java,Jombang,"-7.5460,112.2331",AS136874 PT. Garuda Media Telematika,None
203.19.38.114:1080,FR,Île-de-Franc,Paris,"48.8534,2.3488","AS16509 Amazon.com, Inc.",None
186.215.87.194:8892,MX,Guanajuato,León de los Aldama,"21.1291,-101.6737",AS22884 TOTAL PLAY TELECOMUNICACIONES SA DE CV,None
72.10.160.91:22771,JP,Hyōgo,Kobe,"34.6913,135.1830",AS24282 KAGOYA JAPAN Inc.,None
109.236.83.153:8888,GB,England,London,"51.5085,-0.1257","AS249941 MOSDXS Company, LLC",None
189.22.234.32:80,DE,Hesse,Frankfurt am Main,"50.1025,8.6299","AS16509 Amazon.com, Inc.",None
152.26.229.93:9443,GB,England,London,"51.5085,-0.1257","AS16509 Amazon.com, Inc.",None
103.189.254.2:8080,US,California,San Joe,"37.3394,-121.8950","AS16509 Amazon.com, Inc.",None
135.181.154.225:80,US,Oregon,Boardman,"45.8399,-119.7006","AS16509 Amazon.com, Inc.",None
138.121.161.86:8190,Unknown,Unknown,Unknown,Unknown,Unknown,None
103.190.171.213:8181,BR,São Paulo,Itapevi,"-23.5489,-46.9342",AS27715 Locaweb Serviços de Internet S/A,None
72.10.160.171:11617,Unknown,Unknown,Unknown,Unknown,Unknown,None
128.53.168.21:8080,GB,England,London,"51.5085,-0.1257","AS16509 Amazon.com, Inc.",None
190.94.212.43:999,ID,Central Java,Semarang,"-6.9931,110.4208",AS7713 PT Telekomunikasi Indonesia,None
190.122.88.144:8080,DE,Hesse,Frankfurt am Main,"50.1025,8.6299","AS16509 Amazon.com, Inc.",None
106.3.136.86:8118,GB,England,London,"51.5085,-0.1257","AS249941 MOSDXS Company, LLC",None
114.223.62.84:8089,GB,England,London,"51.5085,-0.1257","AS249941 MOSDXS Company, LLC",None
27.147.169.66:888,GB,England,London,"51.5085,-0.1257","AS249941 MOSDXS Company, LLC",None
51.255.57.241:8080,CN,Shanghai,Shanghai,"31.2222,121.4581",AS4134 CHINANET-BACKBONE,None
77.237.236.223:80,Unknown,Unknown,Unknown,Unknown,Unknown,None
80.78.75.80:8080,IN,Maharashtra,Mumbai,"19.0728,72.8826","AS16509 Amazon.com, Inc.",None
45.149.93.123:4323,Unknown,Unknown,Unknown,Unknown,Unknown,None
67.43.228.250:9131,CO,Bogota D.C.,Bogotá,"4.6097,-74.0817",AS262589 SAMM TECNOLOGIA E TELECOMUNICACOES S.A,None
38.194.250.146:999,IN,Maharashtra,Mumbai,"19.0728,72.8826","AS16509 Amazon.com, Inc.",None
152.32.129.54:8090,JP,Tokyo,Tokyo,"35.6895,139.6917","AS16509 Amazon.com, Inc.",None
185.191.236.162:3128,US,Virginia,Ashburn,"39.0437,-77.4875","AS16509 Amazon.com, Inc.",None
177.23.156.11:18800,Unknown,Unknown,Unknown,Unknown,Unknown,None
77.37.132.129:8080,ID,Lampung,Bandar Lampung,"-5.4292,105.2611",AS147078 PT Serayu Multi Connection,None
38.159.229.75:999,ID,West Java,Bogor,"-6.5944,106.7892",AS23679 PT. Media Antar Nusa,None
116.101.2.214:2041,GB,England,London,"51.5085,-0.1257","AS249941 MOSDXS Company, LLC",None
45.228.192.107:3141,JP,Osaka,Osaka,"34.6937,135.5022","AS16509 Amazon.com, Inc.",None
27.66.73.136:10001,IN,Maharashtra,Mumbai,"19.0728,72.8826","AS16509 Amazon.com, Inc.",None
39.112.232.27:8080,KE,Lamu,Lamu,"-2.2717,40.9020",AS37061 Safaricom Limited,None
185.105.102.179:80,DO,Nacional,Santo Domingo,"18.4719,-69.8923","AS272935 GB TELECORP DOMINICANA, S.R.L",None
180.127.145.251:1080,GB,England,London,"51.5085,-0.1257","AS16509 Amazon.com, Inc.",None
49.49.209.166:8080,CN,Shanghai,Shanghai,"31.2222,121.4581",AS4134 CHINANET-BACKBONE,None
67.43.228.252:18671,Unknown,Unknown,Unknown,Unknown,Unknown,None
103.228.243.219:8080,SG,Singapore,Singapore,"1.2897,103.8501","AS26496 GoDaddy.com, LLC",None
102.66.66.65:8080,GB,England,London,"51.5085,-0.1257","AS16509 Amazon.com, Inc.",None
190.97.226.26:999,Unknown,Unknown,Unknown,Unknown,Unknown,None
182.52.229.165:8080,SG,Singapore,Sengkang New Town,"1.3917,103.8944",AS4773 MobileOne Ltd. Mobile/Internet Service Provider Singapore,None
185.88.154.247:8585,GB,England,London,"51.5085,-0.1257","AS249941 MOSDXS Company, LLC",None
161.49.215.28:10101,GB,England,London,"51.5085,-0.1257","AS249941 MOSDXS Company, LLC",None
103.220.23.177:8080,UA,Kirovohrad,Pryyutivka,"48.7293,33.0662","AS15895 ""Kyivstar"" PJSC",None
47.238.134.126:5060,GB,England,London,"51.5085,-0.1257","AS249941 MOSDXS Company, LLC",None
46.161.196.222:8080,DE,Saxony,Falkenstein,"50.4779,12.3713",AS24940 Hetzner Online GmbH,None
49.148.99.134:8080,HK,Hong Kong,Hong Kong,"22.2783,114.1747","AS45102 Alibaba (US) Technology Co., Ltd.",None
27.147.28.73:8080,DE,Hesse,Frankfurt am Main,"50.1025,8.6299","AS16509 Amazon.com, Inc.",None
82.129.233.6:1976,GB,England,London,"51.5085,-0.1257","AS249941 MOSDXS Company, LLC",None
122.54.147.110:8082,TH,Chon Buri,Bang Lamung,"13.0470,100.9289",AS45758 Triple T Broadband Public Company Limited,None
182.253.6.236:8080,Unknown,Unknown,Unknown,Unknown,Unknown,None
103.189.254.20:8080,US,New York,Buffalo,"42.8865,-78.8784",AS14670 WHG Hosting Services Ltd,None
223.85.12.114:2222,GB,England,London,"51.5085,-0.1257","AS249941 MOSDXS Company, LLC",None
45.5.117.168:999,MY,Selangor,Klang,"3.0367,101.4433",AS55720 Gigabit Hosting Sdn Bhd,None
190.6.56.133:8080,GB,England,London,"51.5085,-0.1257","AS249941 MOSDXS Company, LLC",None
47.91.65.23:3128,PE,Junin,Huancayo,"-12.0651,-75.2049",AS272801 RED AMONES S.A.C.,None
109.61.42.223:80,Unknown,Unknown,Unknown,Unknown,Unknown,None
122.185.180.190:32650,US,Ohio,Hilliard,"40.0334,-83.1582","AS16509 Amazon.com, Inc.",None
45.225.69.99:8080,GB,England,London,"51.5085,-0.1257","AS249941 MOSDXS Company, LLC",None
103.167.68.90:8181,BD,Dhaka Division,Dhaka,"23.7104,90.4074","AS24323 aamra networks limited,",None
58.69.78.115:8081,GB,England,London,"51.5085,-0.1257","AS249941 MOSDXS Company, LLC",None
38.159.232.148:999,Unknown,Unknown,Unknown,Unknown,Unknown,None
176.241.143.197:8080,Unknown,Unknown,Unknown,Unknown,Unknown,None
188.132.150.66:8080,IN,Telangana,Hyderābād,"17.3840,78.4564",AS21859 Zenlayer Inc,None
185.73.103.23:3128,IN,Maharashtra,Mumbai,"19.0728,72.8826","AS16509 Amazon.com, Inc.",None
72.10.160.173:4897,GB,England,London,"51.5085,-0.1257","AS249941 MOSDXS Company, LLC",None
47.251.43.115:33333,CL,Valparaíso,Limache,"-33.0133,-71.2608",AS6535 Telmex Servicios Empresariales S.A.,None
188.215.245.235:80,IN,Maharashtra,Mumbai,"19.0728,72.8826","AS16509 Amazon.com, Inc.",None
181.118.150.14:999,CL,Santiago Metropolitan,Santiago,"-33.4569,-70.6483",AS266731 TELECOMUNICACIONES MAURICIO ANDRES KASENDRA LARENAS E.I.R.L.,None
45.92.177.60:8080,US,Oregon,Boardman,"45.8399,-119.7006","AS16509 Amazon.com, Inc.",None
103.234.35.142:8090,NL,North Holland,Amsterdam,"52.3740,4.8897","AS14061 DigitalOcean, LLC",None
106.42.30.243:82,IN,Maharashtra,Mumbai,"19.0728,72.8826","AS16509 Amazon.com, Inc.",None
95.246.149.124:8080,Unknown,Unknown,Unknown,Unknown,Unknown,None
103.169.255.169:6080,CN,Henan,Zhengzhou,"34.7578,113.6486","AS137687 Luoyang, Henan Province, P.R.China.",None
79.106.170.34:8989,GB,England,London,"51.5085,-0.1257","AS249941 MOSDXS Company, LLC",None
209.97.150.167:3128,US,California,San Joe,"37.3394,-121.8950","AS16509 Amazon.com, Inc.",None
41.139.218.243:82,FR,Île-de-Franc,Paris,"48.8534,2.3488","AS16509 Amazon.com, Inc.",None
203.110.145.82:63128,KR,Gangwon-do,Gangneung,"37.7527,128.8724",AS4766 Korea Telecom,None
80.240.55.244:3128,GB,England,London,"51.5085,-0.1257","AS249941 MOSDXS Company, LLC",None
197.248.231.91:8080,TR,Hatay,Reyhanlı,"36.2679,36.5675",AS202561 High Speed Telekomunikasyon ve Hab. Hiz. Ltd. Sti.,None
5.78.124.240:40001,AE,Dubai,Dubai,"25.0772,55.3093","AS45102 Alibaba (US) Technology Co., Ltd.",None
72.10.160.91:6025,ID,West Java,Majalengka,"-6.8361,108.2278",AS141645 PT Pratama Asia Globalindo,None
103.81.115.210:8080,Unknown,Unknown,Unknown,Unknown,Unknown,None
124.105.180.29:8082,GB,England,London,"51.5085,-0.1257","AS249941 MOSDXS Company, LLC",None
23.82.137.161:80,GB,England,London,"51.5085,-0.1257","AS249941 MOSDXS Company, LLC",None
45.77.168.215:45613,GB,England,London,"51.5085,-0.1257","AS249941 MOSDXS Company, LLC",None
103.147.134.91:1010,GB,England,London,"51.5085,-0.1257","AS249941 MOSDXS Company, LLC",None
175.5.60.109:8088,CO,Cesar Department,San Martín,"8.0015,-73.5113",AS27951 Media Commerce Partners S.A,None
177.152.89.249:8080,CN,Guangdong,Shenzhen,"22.5455,114.0683",AS4134 CHINANET-BACKBONE,None
203.189.153.19:8083,Unknown,Unknown,Unknown,Unknown,Unknown,None
8.213.151.128:3128,GB,England,London,"51.5085,-0.1257","AS16509 Amazon.com, Inc.",None
202.74.244.139:5020,GB,England,London,"51.5085,-0.1257","AS249941 MOSDXS Company, LLC",None
104.37.102.45:8282,VN,Bà Rịa–Vũng Tàu Province,Vũng Tàu,"10.3460,107.0843",AS7552 Viettel Group,None
38.7.20.198:999,BR,São Paul,São Paul,"-23.5475,-46.6361","AS16509 Amazon.com, Inc.",None
27.79.245.2:16000,Unknown,Unknown,Unknown,Unknown,Unknown,None
209.14.119.198:999,GR,Attica,Níkaia,"37.9667,23.6500",AS47521 IpHost P.C.,None
160.22.22.65:3125,KR,Seoul,Seoul,"37.5660,126.9784","AS16509 Amazon.com, Inc.",None
165.255.22.244:8080,GB,England,London,"51.5085,-0.1257","AS249941 MOSDXS Company, LLC",None
45.173.7.10:999,US,New York,Buffalo,"42.8864,-78.8784",AS19084 ColoUp,None
157.15.144.250:8080,CN,Guangdong,Shenzhen,"22.5455,114.0683",AS23764 CTGNet,None
34.101.137.167:80,GB,England,London,"51.5085,-0.1257","AS249941 MOSDXS Company, LLC",None
27.189.135.83:8089,IN,Maharashtra,Mumbai,"19.0728,72.8826","AS16509 Amazon.com, Inc.",None
45.225.120.36:40033,Unknown,Unknown,Unknown,Unknown,Unknown,None
203.176.129.85:8080,BD,Dhaka Division,Dhaka,"23.7104,90.4074",AS24342 BRACNet Limited,None
111.1.61.49:3128,US,California,San Joe,"37.3394,-121.8950","AS16509 Amazon.com, Inc.",None
219.65.73.81:80,CN,Shanghai,Shanghai,"31.2222,121.4581",AS4809 China Telecom Next Generation Carrier Network,None
152.26.229.77:9443,GB,England,London,"51.5085,-0.1257","AS249941 MOSDXS Company, LLC",None
196.223.129.21:80,US,Virginia,Ashburn,"39.0437,-77.4875","AS16509 Amazon.com, Inc.",None
113.108.13.120:4433,BR,Rio Grande do Sul,Tupandi,"-29.4764,-51.4211",AS262715 Caezar Provedor de Internet EIRELI,None
8.209.255.13:3128,IN,Maharashtra,Mumbai,"19.0728,72.8826","AS16509 Amazon.com, Inc.",None
152.26.229.52:9443,GB,England,London,"51.5085,-0.1257","AS249941 MOSDXS Company, LLC",None
185.138.120.109:8080,GB,England,London,"51.5085,-0.1257","AS16509 Amazon.com, Inc.",None
67.43.227.228:3567,VE,Distrito Federal,Caracas,"10.4880,-66.8792",AS394684 GOLD DATA USA INC,None
217.15.166.95:80,US,Ohio,Hilliard,"40.0334,-83.1582","AS16509 Amazon.com, Inc.",None
177.190.189.16:44443,RU,Kursk Oblast,Kursk,"51.7373,36.1874",AS203791 OOO Kurier,None
156.200.110.116:8080,IN,Maharashtra,Mumbai,"19.0728,72.8826","AS16509 Amazon.com, Inc.",None
157.100.57.180:999,US,Ohio,Hilliard,"40.0334,-83.1582","AS16509 Amazon.com, Inc.",None
46.34.165.86:443,IE,Leinster,Dublin,"53.3331,-6.2489","AS16509 Amazon.com, Inc.",None
181.209.125.195:999,BD,Dhaka Division,Dhaka,"23.7104,90.4074",AS24342 BRACNet Limited,None
116.107.122.18:10079,GB,England,London,"51.5085,-0.1257","AS249941 MOSDXS Company, LLC",None
38.183.146.21:8085,CN,Shanghai,Shanghai,"31.2222,121.4581",AS4837 CHINA UNICOM China169 Backbone,None
103.85.181.82:8080,GB,England,London,"51.5085,-0.1257",AS20860 IOMART CLOUD SERVICES LIMITED,None
4.155.2.13:9400,TR,Hatay,Reyhanlı,"36.2679,36.5675",AS202561 High Speed Telekomunikasyon ve Hab. Hiz. Ltd. Sti.,None
45.233.169.25:999,PK,Punjab,Shahkot,"31.5709,73.4853",AS151983 Orbit Internet Service Provider Pvt Ltd,None
45.148.248.80:1700,GB,England,London,"51.5085,-0.1257","AS249941 MOSDXS Company, LLC",None
103.165.234.46:8080,GB,England,London,"51.5085,-0.1257","AS249941 MOSDXS Company, LLC",None
120.71.144.31:8093,Unknown,Unknown,Unknown,Unknown,Unknown,None
181.209.111.149:999,DE,Hesse,Frankfurt am Main,"50.1025,8.6299","AS16509 Amazon.com, Inc.",None
54.38.210.165:3128,GB,England,London,"51.5085,-0.1257","AS249941 MOSDXS Company, LLC",None
117.207.147.21:3127,GB,England,London,"51.5085,-0.1257","AS16509 Amazon.com, Inc.",None
67.43.227.227:9989,VE,Carabobo,Valencia,"10.1620,-68.0076","AS264628 CORPORACION FIBEX TELECOM, C.A.",None
113.108.13.120:8083,Unknown,Unknown,Unknown,Unknown,Unknown,None
193.30.13.231:999,Unknown,Unknown,Unknown,Unknown,Unknown,None
103.180.119.182:8087,IN,Maharashtra,Mumbai,"19.0728,72.8826","AS16509 Amazon.com, Inc.",None
67.43.236.20:6349,UA,Kiev,Vyshneve,"50.3891,30.3705",AS39608 Lanet Network Ltd,None
38.9.141.250:10609,Unknown,Unknown,Unknown,Unknown,Unknown,None
72.10.160.173:2779,DE,Hesse,Frankfurt am Main,"50.1025,8.6299","AS16509 Amazon.com, Inc.",None
36.93.68.47:41890,IN,Maharashtra,Mumbai,"19.0728,72.8826","AS16509 Amazon.com, Inc.",None
181.78.6.74:999,GB,England,London,"51.5085,-0.1257","AS249941 MOSDXS Company, LLC",None
178.16.129.11:80,RU,Vladimir Oblast,Vladimir,"56.1365,40.3966","AS35645 Limited Liability Company ""VLADINFO""",None
192.99.19.170:3128,GB,England,London,"51.5085,-0.1257","AS249941 MOSDXS Company, LLC",None
5.53.23.106:8080,PH,Metro Manila,Quezon City,"14.6488,121.0509",AS132199 Globe Telecom Inc.,None
24.152.58.196:999,Unknown,Unknown,Unknown,Unknown,Unknown,None
51.89.25.53:3128,GB,England,London,"51.5085,-0.1257","AS249941 MOSDXS Company, LLC",None
38.49.129.237:999,Unknown,Unknown,Unknown,Unknown,Unknown,None
8.213.197.208:5060,FR,Île-de-Franc,Paris,"48.8534,2.3488","AS16509 Amazon.com, Inc.",None
111.95.41.168:8080,US,Arizona,Phoenix,"33.4484,-112.0740","AS22612 Namecheap, Inc.",None
43.249.143.242:3128,TR,Hatay,Reyhanlı,"36.2679,36.5675",AS202561 High Speed Telekomunikasyon ve Hab. Hiz. Ltd. Sti.,None
95.164.117.150:47745,NP,Bagmati Province,Kathmandu,"27.7017,85.3206",AS138915 Kaopu Cloud HK Limited,None
188.94.159.26:3128,IN,Maharashtra,Mumbai,"19.0728,72.8826","AS16509 Amazon.com, Inc.",None
157.20.50.218:8080,GB,England,London,"51.5085,-0.1257","AS249941 MOSDXS Company, LLC",None
183.240.46.42:443,Unknown,Unknown,Unknown,Unknown,Unknown,None
203.142.71.51:8080,GB,England,London,"51.5085,-0.1257","AS249941 MOSDXS Company, LLC",None
188.225.85.97:3128,GB,England,London,"51.5085,-0.1257","AS249941 MOSDXS Company, LLC",None
103.161.162.21:3125,IN,Maharashtra,Mumbai,"19.0728,72.8826","AS16509 Amazon.com, Inc.",None
206.81.31.215:80,JP,Tokyo,Tokyo,"35.6895,139.6917","AS16509 Amazon.com, Inc.",None
8.213.197.208:9098,US,California,San Jose,"37.3394,-121.8950",AS8075 Microsoft Corporation,None
200.110.173.17:999,US,North Carolina,Cary,"35.7915,-78.7811",AS81 MCNC,None
179.60.240.69:53281,Unknown,Unknown,Unknown,Unknown,Unknown,None
67.43.227.230:3567,US,California,San Joe,"37.3394,-121.8950","AS16509 Amazon.com, Inc.",None
114.9.25.190:1010,ID,Jakarta,Jakarta,"-6.2146,106.8451",AS141607 PT Gayatri Lintas Nusantara,None
200.174.198.86:8888,HK,Hong Kong,Hong Kong,"22.2783,114.1747","AS45102 Alibaba (US) Technology Co., Ltd.",None
102.209.18.96:8080,Unknown,Unknown,Unknown,Unknown,Unknown,None
185.53.129.141:3128,US,Oregon,Boardman,"45.8399,-119.7006","AS16509 Amazon.com, Inc.",None
190.60.36.26:999,CZ,Jihočeský kraj,České Budějovice,"48.9745,14.4743","AS197019 WEDOS Internet, a.s.",None
183.240.196.55:38080,BD,Dhaka Division,Dhaka,"23.7104,90.4074",AS38031 OptiMax Communication Ltd.,None
8.219.97.248:80,GB,England,London,"51.5085,-0.1257","AS249941 MOSDXS Company, LLC",None
103.155.168.161:8299,CO,Risaralda Department,Pereira,"4.8133,-75.6961",AS27831 Colombia Móvil,None
45.224.149.180:999,BR,São Paul,São Paul,"-23.5475,-46.6361","AS16509 Amazon.com, Inc.",None
190.220.1.173:56974,Unknown,Unknown,Unknown,Unknown,Unknown,None
177.73.68.150:8080,GB,England,London,"51.5085,-0.1257","AS249941 MOSDXS Company, LLC",None
103.162.62.43:8080,BR,São Paul,São Paul,"-23.5475,-46.6361","AS16509 Amazon.com, Inc.",None
177.174.126.203:8080,Unknown,Unknown,Unknown,Unknown,Unknown,None
43.135.78.162:30004,GB,England,London,"51.5085,-0.1257","AS16509 Amazon.com, Inc.",None
8.222.170.230:3128,CO,Bogota D.C.,Barrio San Luis,"4.6770,-74.0692",AS52468 UFINET PANAMA S.A.,None
35.209.198.222:80,Unknown,Unknown,Unknown,Unknown,Unknown,None
103.99.136.38:8080,GB,England,London,"51.5085,-0.1257","AS16509 Amazon.com, Inc.",None
103.125.174.17:7777,IN,Maharashtra,Mumbai,"19.0728,72.8826","AS16509 Amazon.com, Inc.",None
186.96.97.203:999,AE,Dubai,Dubai,"25.0772,55.3093",AS199524 G-Core Labs S.A.,None
103.156.75.41:8181,KR,Seoul,Seoul,"37.5660,126.9784","AS45102 Alibaba (US) Technology Co., Ltd.",None
186.26.92.233:58339,Unknown,Unknown,Unknown,Unknown,Unknown,None
5.223.41.232:7000,ID,East Java,Malang,"-7.9797,112.6304",AS7713 PT Telekomunikasi Indonesia,None
103.13.204.89:8083,US,New Jersey,Clifton,"40.8344,-74.1377","AS14061 DigitalOcean, LLC",None
103.22.99.46:8080,GB,England,London,"51.5085,-0.1257","AS16509 Amazon.com, Inc.",None
103.174.81.10:80,Unknown,Unknown,Unknown,Unknown,Unknown,None
51.91.109.83:80,GB,England,London,"51.5085,-0.1257","AS249941 MOSDXS Company, LLC",None
157.10.97.189:3125,Unknown,Unknown,Unknown,Unknown,Unknown,None
103.167.170.237:1111,HK,Hong Kong,Hong Kong,"22.2783,114.1747","AS45102 Alibaba (US) Technology Co., Ltd.",None
208.87.243.199:7878,GB,England,London,"51.5085,-0.1257","AS249941 MOSDXS Company, LLC",None
103.153.191.62:3125,SG,Singapore,Singapore,"1.2897,103.8501",AS396982 Google LLC,None
47.83.192.255:8888,GB,England,London,"51.5085,-0.1257","AS249941 MOSDXS Company, LLC",None
136.226.71.65:8800,AR,Cordoba,Córdoba,"-31.4135,-64.1810",AS263812 SONDATECH S.A.S.,None
37.230.93.51:8060,ZA,Gauteng,Johannesburg,"-26.2023,28.0436",AS37542 Iclix (PTY) Ltd,None
47.89.184.18:3128,GB,England,London,"51.5085,-0.1257","AS249941 MOSDXS Company, LLC",None
112.205.78.248:8080,GB,England,London,"51.5085,-0.1257","AS16509 Amazon.com, Inc.",None
103.48.71.114:83,DE,Hesse,Frankfurt am Main,"50.1025,8.6299","AS16509 Amazon.com, Inc.",None
45.233.169.57:999,BR,São Paulo,São Paulo,"-23.5475,-46.6361",AS4230 CLARO S.A.,None
43.133.136.208:8800,JP,Tokyo,Tokyo,"35.6895,139.6917","AS16509 Amazon.com, Inc.",None
203.177.140.18:8082,Unknown,Unknown,Unknown,Unknown,Unknown,None
171.6.93.246:8080,Unknown,Unknown,Unknown,Unknown,Unknown,None
185.159.153.234:80,GB,England,London,"51.5085,-0.1257","AS249941 MOSDXS Company, LLC",None
45.174.95.242:8080,DE,Hesse,Frankfurt am Main,"50.1025,8.6299","AS16509 Amazon.com, Inc.",None
103.122.137.68:8080,GB,England,London,"51.5085,-0.1257","AS249941 MOSDXS Company, LLC",None
89.145.162.81:3128,TR,Hatay,Reyhanlı,"36.2679,36.5675",AS202561 High Speed Telekomunikasyon ve Hab. Hiz. Ltd. Sti.,None
119.95.180.151:8081,DE,Berlin,Berlin,"52.5244,13.4105",AS3209 Vodafone GmbH,None
111.1.61.47:3128,IN,Maharashtra,Mumbai,"19.0728,72.8826","AS16509 Amazon.com, Inc.",None
209.97.150.167:8080,RU,Tatarstan Republic,Kazan,"55.7887,49.1221","AS41668 JSC ""ER-Telecom Holding""",None
178.128.113.118:23128,ID,Jakarta,Jakarta,"-6.2146,106.8451",AS152045 PT Petabyte Network Indonesia,None
103.180.196.141:8080,FR,Île-de-Franc,Paris,"48.8534,2.3488","AS16509 Amazon.com, Inc.",None
152.26.231.93:9443,Unknown,Unknown,Unknown,Unknown,Unknown,None
203.89.8.107:80,US,Alabama,Hoover,"33.4054,-86.8114",AS20115 Charter Communications,None
72.10.160.173:30249,TZ,Dar es Salaam Region,Dar es Salaam,"-6.8235,39.2695",AS33765 TANZANIA TELECOMMUNICATIONS CO. LTD,None
27.254.46.192:80,Unknown,Unknown,Unknown,Unknown,Unknown,None
154.65.39.8:80,US,California,San Jose,"37.3394,-121.8950",AS46997 Black Mesa Corporation,None
177.136.12.160:55443,FR,Île-de-Franc,Paris,"48.8534,2.3488","AS16509 Amazon.com, Inc.",None
37.27.6.46:80,US,Ohio,Hilliard,"40.0334,-83.1582","AS16509 Amazon.com, Inc.",None
45.4.203.115:999,HK,Hong Kong,Hong Kong,"22.2783,114.1747","AS45102 Alibaba (US) Technology Co., Ltd.",None
35.212.74.86:80,GB,England,London,"51.5085,-0.1257","AS249941 MOSDXS Company, LLC",None
109.236.80.6:8888,US,Oregon,Boardman,"45.8399,-119.7006","AS16509 Amazon.com, Inc.",None
103.118.175.144:35689,DE,Berlin,Berlin,"52.5244,13.4105",AS6724 Strato GmbH,None
103.163.135.56:7777,ID,Central Java,Kudus,"-6.8048,110.8405",AS138089 PT.Global Media Data Prima,None
38.224.97.9:999,CN,Shanghai,Shanghai,"31.2222,121.4581",AS56047 China Mobile communications corporation,None
51.255.57.241:80,BD,Dhaka Division,Dhaka,"23.7104,90.4074",AS136395 Mahfujul Haque t/a Expert Online,None
189.22.234.33:80,TR,Hatay,Reyhanlı,"36.2679,36.5675",AS202561 High Speed Telekomunikasyon ve Hab. Hiz. Ltd. Sti.,None
194.105.85.0:8080,US,Virginia,Ashburn,"39.0437,-77.4875","AS16509 Amazon.com, Inc.",None
38.9.141.63:8080,BD,Dhaka Division,Dhaka,"23.7104,90.4074",AS133957 SOL-BD,None
152.53.101.90:3128,GB,England,London,"51.5085,-0.1257","AS249941 MOSDXS Company, LLC",None
27.71.228.47:3128,DE,Hesse,Frankfurt am Main,"50.1025,8.6299","AS16509 Amazon.com, Inc.",None
47.236.231.113:8888,IN,Maharashtra,Mumbai,"19.0728,72.8826","AS16509 Amazon.com, Inc.",None
113.192.31.19:8800,GB,England,London,"51.5085,-0.1257","AS249941 MOSDXS Company, LLC",None
27.189.131.186:8089,Unknown,Unknown,Unknown,Unknown,Unknown,None
46.98.155.62:8080,GB,England,London,"51.5085,-0.1257","AS249941 MOSDXS Company, LLC",None
36.64.184.2:8080,US,Virginia,Ashburn,"39.0437,-77.4875","AS16509 Amazon.com, Inc.",None
101.255.149.202:8080,US,Ohio,Hilliard,"40.0334,-83.1582","AS16509 Amazon.com, Inc.",None
191.97.3.210:999,KR,Seoul,Seoul,"37.5660,126.9784","AS16509 Amazon.com, Inc.",None
27.147.175.115:8080,JP,Chiba,Urayasu,"35.6588,139.9006",AS9370 SAKURA Internet Inc.,None
202.154.19.102:3125,GB,England,London,"51.5085,-0.1257","AS249941 MOSDXS Company, LLC",None
27.147.131.41:58080,Unknown,Unknown,Unknown,Unknown,Unknown,None
131.221.64.62:9080,CN,Guangdong,Guangzhou,"23.1167,113.2500",AS56040 China Mobile communications corporation,None
189.22.234.39:80,US,Utah,Provo,"40.2338,-111.6585",AS46606 Unified Layer,None
86.32.66.135:3128,Unknown,Unknown,Unknown,Unknown,Unknown,None
150.241.86.253:3128,JP,Osaka,Osaka,"34.6938,135.5011",AS8075 Microsoft Corporation,None
51.222.96.27:9595,GB,England,London,"51.5085,-0.1257","AS249941 MOSDXS Company, LLC",None
43.252.107.119:7777,Unknown,Unknown,Unknown,Unknown,Unknown,None
197.48.85.72:8080,GB,England,London,"51.5085,-0.1257","AS249941 MOSDXS Company, LLC",None
77.221.144.112:5252,US,California,San Jose,"37.3383,-121.8801",AS46997 Black Mesa Corporation,None
45.81.144.45:8090,ID,Jakarta,Jakarta,"-6.2146,106.8451",AS4761 INDOSAT Internet Network Provider,None
180.127.145.201:1080,US,Virginia,Ashburn,"39.0437,-77.4875","AS16509 Amazon.com, Inc.",None
190.52.108.248:6666,Unknown,Unknown,Unknown,Unknown,Unknown,None
139.162.78.109:3128,GB,England,London,"51.5085,-0.1257","AS249941 MOSDXS Company, LLC",None
103.166.253.57:83,GB,England,London,"51.5085,-0.1257","AS16509 Amazon.com, Inc.",None
213.97.158.42:3128,GB,England,London,"51.5085,-0.1257","AS249941 MOSDXS Company, LLC",None
47.56.110.204:8990,GB,England,London,"51.5085,-0.1257","AS249941 MOSDXS Company, LLC",None
123.113.245.131:3128,US,Oregon,Boardman,"45.8399,-119.7006","AS16509 Amazon.com, Inc.",None
213.178.39.170:8080,GB,England,London,"51.5085,-0.1257","AS249941 MOSDXS Company, LLC",None
103.137.218.65:83,US,Florida,Lockhart,"28.6194,-81.4426","AS33182 HostDime.com, Inc.",None
67.43.228.251:8753,GB,England,London,"51.5085,-0.1257","AS249941 MOSDXS Company, LLC",None
187.1.16.36:92,GB,England,London,"51.5085,-0.1257","AS249941 MOSDXS Company, LLC",None
103.155.54.26:82,GB,England,London,"51.5085,-0.1257","AS249941 MOSDXS Company, LLC",None
103.180.126.42:8181,VN,Hanoi,Hanoi,"21.0245,105.8412",AS7552 Viettel Group,None
103.162.221.3:8080,BR,São Paulo,São Paulo,"-23.5475,-46.6361",AS262760 76 TELECOMUNICAÇÃO LTDA,None
47.91.120.190:3128,BR,São Paul,São Paul,"-23.5475,-46.6361","AS16509 Amazon.com, Inc.",None
103.148.195.22:8080,GB,England,London,"51.5085,-0.1257","AS16509 Amazon.com, Inc.",None
112.198.178.194:8082,DE,Hesse,Frankfurt am Main,"50.1025,8.6299","AS16509 Amazon.com, Inc.",None
103.169.238.42:8181,GB,England,London,"51.5085,-0.1257","AS249941 MOSDXS Company, LLC",None
162.19.107.209:3128,IN,Maharashtra,Mumbai,"19.0728,72.8826","AS16509 Amazon.com, Inc.",None
61.5.101.171:8080,GB,England,London,"51.5085,-0.1257","AS249941 MOSDXS Company, LLC",None
67.43.228.250:26443,GB,England,London,"51.5085,-0.1257","AS249941 MOSDXS Company, LLC",None
103.248.222.0:90,IN,Maharashtra,Mumbai,"19.0728,72.8826","AS16509 Amazon.com, Inc.",None
128.199.202.122:8080,US,California,Santa Clara,"37.3924,-121.9623","AS14061 DigitalOcean, LLC",None
72.10.160.172:2769,CO,Huila Department,Neiva,"2.9273,-75.2819",AS270062 FIBERNET TV SAS,None
8.220.204.92:9091,Unknown,Unknown,Unknown,Unknown,Unknown,None
119.95.179.136:8081,ID,Jakarta,Jakarta,"-6.2146,106.8451",AS38320 PT Maxindo Mitra Solusi,None
8.220.204.92:81,EC,Pichincha,Quito,"-0.2298,-78.5250",AS19114 Otecel S.A.,None
27.189.133.6:8089,US,Washington,Moses Lake,"47.1301,-119.2781",AS8075 Microsoft Corporation,None
3.8.139.11:8888,Unknown,Unknown,Unknown,Unknown,Unknown,None
45.182.41.138:6969,GB,England,London,"51.5085,-0.1257","AS249941 MOSDXS Company, LLC",None
58.69.177.231:8082,GB,England,London,"51.5085,-0.1257","AS249941 MOSDXS Company, LLC",None
176.202.41.58:8080,Unknown,Unknown,Unknown,Unknown,Unknown,None
41.254.48.190:1976,GB,England,London,"51.5085,-0.1257","AS16509 Amazon.com, Inc.",None
43.247.33.60:8080,HK,Hong Kong,Hong Kong,"22.2783,114.1747","AS45102 Alibaba (US) Technology Co., Ltd.",None
103.234.31.79:8080,TR,Istanbul,Istanbul,"41.0138,28.9497",AS51559 Netinternet Bilisim Teknolojileri AS,None
154.236.168.176:1976,ID,Jakarta,Jakarta,"-6.2146,106.8451",AS140417 PT Indotechno Digital Komputasi,None
49.249.83.13:8080,UA,Dnipropetrovsk,Dnipro,"48.4666,35.0407",AS13188 CONTENT DELIVERY NETWORK LTD,None
45.230.51.4:999,HN,Cortés Department,San Pedro Sula,"15.5042,-88.0250",AS27932 Redes y Telecomunicaciones,None
181.57.229.2:8080,Unknown,Unknown,Unknown,Unknown,Unknown,None
171.4.195.37:8080,Unknown,Unknown,Unknown,Unknown,Unknown,None
103.162.54.203:8080,KR,Incheon,Incheon,"37.4565,126.7052",AS9318 SK Broadband Co Ltd,None
109.164.38.201:2306,Unknown,Unknown,Unknown,Unknown,Unknown,None
103.160.182.33:8080,Unknown,Unknown,Unknown,Unknown,Unknown,None
8.219.102.193:2000,GB,England,London,"51.5085,-0.1257","AS249941 MOSDXS Company, LLC",None
204.110.190.233:23435,GB,England,London,"51.5085,-0.1257","AS249941 MOSDXS Company, LLC",None
193.192.124.74:8080,Unknown,Unknown,Unknown,Unknown,Unknown,None
113.44.215.237:3128,GB,England,London,"51.5085,-0.1257","AS249941 MOSDXS Company, LLC",None
157.10.97.221:7777,AR,Buenos Aires,Don Torcuato,"-34.4946,-58.6273",AS11664 Techtel LMDS Comunicaciones Interactivas S.A.,None
189.22.234.41:80,GB,England,London,"51.5085,-0.1257","AS249941 MOSDXS Company, LLC",None
47.56.110.204:8989,GB,England,London,"51.5085,-0.1257",AS16276 OVH SAS,None
212.87.222.80:3128,GB,England,London,"51.5085,-0.1257","AS249941 MOSDXS Company, LLC",None
4.155.2.13:80,Unknown,Unknown,Unknown,Unknown,Unknown,None
103.242.105.111:8080,Unknown,Unknown,Unknown,Unknown,Unknown,None
27.79.164.240:16000,NL,North Holland,Amsterdam,"52.3740,4.8897",AS216071 SERVERS TECH FZCO,None
119.2.48.12:9669,DE,Hesse,Frankfurt am Main,"50.1025,8.6299","AS16509 Amazon.com, Inc.",None
41.40.175.222:8080,Unknown,Unknown,Unknown,Unknown,Unknown,None
27.79.239.226:16000,FR,Grand Est,Strasbourg,"48.5839,7.7455",AS16276 OVH SAS,None
41.220.138.246:8040,FR,Île-de-Franc,Paris,"48.8534,2.3488","AS16509 Amazon.com, Inc.",None
111.132.16.22:3389,IN,Maharashtra,Mumbai,"19.0728,72.8826","AS16509 Amazon.com, Inc.",None
27.79.156.251:16000,US,California,Los Angeles,"34.0522,-118.2437","AS36236 NetActuate, Inc",None
102.185.234.21:8080,IN,Maharashtra,Airoli,"19.1167,72.9833",AS31898 Oracle Corporation,None
8.213.129.15:8989,Unknown,Unknown,Unknown,Unknown,Unknown,None
38.172.130.119:999,VN,Hanoi,Hanoi,"21.0245,105.8412",AS131414 Long Van Soft Solution JSC,None
67.43.227.226:30373,NL,South Holland,Naaldwijk,"51.9942,4.2097",AS49981 WorldStream B.V.,None
50.172.39.98:80,GB,England,London,"51.5085,-0.1257","AS249941 MOSDXS Company, LLC",None
110.78.149.121:4145,KR,Seoul,Seoul,"37.5660,126.9784","AS16509 Amazon.com, Inc.",None
197.234.13.91:4145,HK,Hong Kong,Hong Kong,"22.2783,114.1747","AS45102 Alibaba (US) Technology Co., Ltd.",None
117.93.115.31:28643,FR,Hauts-de-France,Gravelines,"50.9865,2.1281",AS16276 OVH SAS,None
170.106.184.175:10140,FR,Île-de-Franc,Paris,"48.8534,2.3488","AS16509 Amazon.com, Inc.",None
188.132.222.11:8080,CN,Shanghai,Shanghai,"31.2222,121.4581",AS4134 CHINANET-BACKBONE,None
8.213.128.90:8192,GB,England,London,"51.5085,-0.1257","AS16509 Amazon.com, Inc.",None
115.76.193.188:54650,RU,Moscow,Moscow,"55.7522,37.6156",AS42610 PJSC Rostelecom,None
190.120.251.5:8989,TR,Hatay,Reyhanlı,"36.2679,36.5675",AS202561 High Speed Telekomunikasyon ve Hab. Hiz. Ltd. Sti.,None
188.125.169.239:8080,GB,England,London,"51.5085,-0.1257","AS249941 MOSDXS Company, LLC",None
198.105.122.180:6753,GB,England,London,"51.5085,-0.1257","AS249941 MOSDXS Company, LLC",None
209.97.150.167:8080,DE,Hesse,Frankfurt am Main,"50.1025,8.6299","AS16509 Amazon.com, Inc.",None
35.247.237.139:31986,Unknown,Unknown,Unknown,Unknown,Unknown,None
45.4.1.196:999,IN,Maharashtra,Mumbai,"19.0728,72.8826","AS16509 Amazon.com, Inc.",None
104.207.55.184:3128,Unknown,Unknown,Unknown,Unknown,Unknown,None
156.228.103.50:3128,ID,Jakarta,Jakarta,"-6.2146,106.8451",AS135477 PT. Java Digital Nusantara,None
178.44.160.163:7788,GB,England,London,"51.5085,-0.1257","AS249941 MOSDXS Company, LLC",None
93.180.133.8:54842,Unknown,Unknown,Unknown,Unknown,Unknown,None
156.228.91.144:3128,Unknown,Unknown,Unknown,Unknown,Unknown,None
64.124.191.98:32688,BG,Blagoevgrad,Bansko,"41.8361,23.4874",AS41922 MIS70 LTD,None
156.228.89.201:3128,Unknown,Unknown,Unknown,Unknown,Unknown,None
104.207.49.107:3128,HK,Hong Kong,Hong Kong,"22.2783,114.1747","AS45102 Alibaba (US) Technology Co., Ltd.",None
131.100.51.105:999,GB,England,London,"51.5085,-0.1257","AS249941 MOSDXS Company, LLC",None
156.228.125.73:3128,BD,Dhaka Division,Dhaka,"23.7260,90.4251",AS63526 Systems Solutions & development Technologies Limited,None
103.108.87.145:1080,HK,Hong Kong,Hong Kong,"22.2783,114.1747","AS45102 Alibaba (US) Technology Co., Ltd.",None
31.146.161.194:5678,US,California,San Jose,"37.3383,-121.8801",AS46997 Black Mesa Corporation,None
165.227.229.163:8888,IN,Maharashtra,Mumbai,"19.0728,72.8826","AS16509 Amazon.com, Inc.",None
8.217.113.225:60000,Unknown,Unknown,Unknown,Unknown,Unknown,None
114.35.140.157:8080,US,Ohio,Hilliard,"40.0334,-83.1582","AS16509 Amazon.com, Inc.",None
190.22.118.157:8080,DE,Hesse,Frankfurt am Main,"50.1112,8.6831","AS45102 Alibaba (US) Technology Co., Ltd.",None
13.38.176.104:3128,VN,Hanoi,Hanoi,"21.0245,105.8412",AS7552 Viettel Group,None
27.25.133.19:808,Unknown,Unknown,Unknown,Unknown,Unknown,None
90.156.142.28:28564,GB,England,London,"51.5085,-0.1257","AS249941 MOSDXS Company, LLC",None
149.86.144.216:8080,CL,Biobío,Mulchén,"-37.6230,-71.7492",AS266840 CMP WILL TELECOMUNICACIONES SPA,None
141.95.1.186:3128,GB,England,London,"51.5085,-0.1257","AS16509 Amazon.com, Inc.",None
197.232.65.40:55443,GB,England,London,"51.5085,-0.1257","AS249941 MOSDXS Company, LLC",None
103.154.77.48:89,AU,Queensland,Brisbane,"-27.4679,153.0281",AS133159 Mammoth Media Pty Ltd,None
8.212.168.170:4145,GB,England,London,"51.5085,-0.1257","AS249941 MOSDXS Company, LLC",None
109.236.84.101:30090,US,New York,Buffalo,"42.8865,-78.8784",AS14670 WHG Hosting Services Ltd,None
43.153.170.206:13220,Unknown,Unknown,Unknown,Unknown,Unknown,None
92.113.127.48:7463,Unknown,Unknown,Unknown,Unknown,Unknown,None
41.65.162.72:1981,Unknown,Unknown,Unknown,Unknown,Unknown,None
103.54.217.81:8199,GB,England,London,"51.5085,-0.1257","AS249941 MOSDXS Company, LLC",None
67.43.228.253:13825,Unknown,Unknown,Unknown,Unknown,Unknown,None
176.88.166.215:1080,US,Virginia,Ashburn,"39.0437,-77.4875",AS213230 Hetzner Online GmbH,None
156.228.113.186:3128,RU,St.-Petersburg,Saint Petersburg,"59.9386,30.3141",AS20632 PJSC MegaFon,None
201.47.88.19:3128,ES,Madrid,Madrid,"40.4165,-3.7026",AS57286 GIGAS HOSTING S.A.,None
116.107.184.128:1080,GB,England,London,"51.5085,-0.1257","AS16509 Amazon.com, Inc.",None
31.58.18.26:6295,GB,England,London,"51.5085,-0.1257","AS249941 MOSDXS Company, LLC",None
92.113.127.167:7463,GB,England,London,"51.5085,-0.1257","AS249941 MOSDXS Company, LLC",None
101.201.225.47:80,US,Virginia,Ashburn,"39.0437,-77.4875","AS16509 Amazon.com, Inc.",None
103.180.122.81:7777,EG,Cairo,Cairo,"30.0626,31.2497",AS24863 Link Egypt (Link.NET),None
183.240.46.42:443,EG,Gharbia,Al Maḩallah al Kubrá,"30.9706,31.1669",AS36992 ETISALAT MISR,None
62.33.53.248:3128,Unknown,Unknown,Unknown,Unknown,Unknown,None
107.181.148.102:5962,DE,Hesse,Frankfurt am Main,"50.1025,8.6299","AS16509 Amazon.com, Inc.",None
5.58.33.187:55507,US,California,Santa Clara,"37.3924,-121.9623","AS14061 DigitalOcean, LLC",None
95.154.124.114:58000,GB,England,London,"51.5085,-0.1257","AS249941 MOSDXS Company, LLC",None
89.116.78.61:5672,Unknown,Unknown,Unknown,Unknown,Unknown,None
156.228.86.53:3128,VN,Hanoi,Hanoi,"21.0245,105.8412",AS7552 Viettel Group,None
3.127.121.101:80,GB,England,London,"51.5085,-0.1257","AS249941 MOSDXS Company, LLC",None
190.94.212.228:999,GB,England,London,"51.5085,-0.1257","AS249941 MOSDXS Company, LLC",None
45.230.39.103:999,US,Ohio,Hilliard,"40.0334,-83.1582","AS16509 Amazon.com, Inc.",None
104.207.60.182:3128,Unknown,Unknown,Unknown,Unknown,Unknown,None
178.254.62.52:29664,GB,England,London,"51.5085,-0.1257","AS249941 MOSDXS Company, LLC",None
198.105.122.212:6785,FR,Île-de-Franc,Paris,"48.8534,2.3488","AS16509 Amazon.com, Inc.",None
190.220.25.42:4153,FI,Uusimaa,Helsinki,"60.1695,24.9354",AS24940 Hetzner Online GmbH,None
104.143.226.199:5802,RU,Udmurtiya Republic,Izhevsk,"56.8498,53.2045",AS12389 PJSC Rostelecom,None
104.207.38.219:3128,GB,England,London,"51.5085,-0.1257","AS249941 MOSDXS Company, LLC",None
104.207.50.27:3128,FR,Île-de-Franc,Paris,"48.8534,2.3488","AS16509 Amazon.com, Inc.",None
182.253.31.83:8080,GB,England,London,"51.5085,-0.1257","AS249941 MOSDXS Company, LLC",None
93.157.12.234:8080,GB,England,London,"51.5085,-0.1257","AS249941 MOSDXS Company, LLC",None
102.0.2.190:8083,Unknown,Unknown,Unknown,Unknown,Unknown,None
15.206.25.41:1080,GB,England,London,"51.5085,-0.1257","AS249941 MOSDXS Company, LLC",None
195.74.72.111:5678,US,California,San Jose,"37.3383,-121.8801",AS46997 Black Mesa Corporation,None
156.200.123.17:8080,Unknown,Unknown,Unknown,Unknown,Unknown,None
156.228.118.58:3128,AT,Vienna,Vienna,"48.2085,16.3721",AS61098 Akenes SA,None
156.228.83.110:3128,Unknown,Unknown,Unknown,Unknown,Unknown,None
92.113.127.232:7463,DE,Hesse,Frankfurt am Main,"50.1025,8.6299","AS16509 Amazon.com, Inc.",None
190.94.212.150:999,IN,Maharashtra,Mumbai,"19.0728,72.8826","AS16509 Amazon.com, Inc.",None
50.217.226.44:80,GT,Guatemala,Guatemala City,"14.6407,-90.5133",AS273041 Universidad de San Carlos de Guatemala,None
47.238.130.212:8002,Unknown,Unknown,Unknown,Unknown,Unknown,None
50.169.37.50:80,US,Oregon,Boardman,"45.8399,-119.7006","AS16509 Amazon.com, Inc.",None
186.224.225.98:4145,BR,São Paulo,São Paulo,"-23.5475,-46.6361",AS27699 TELEFÔNICA BRASIL S.A,None
156.228.90.103:3128,DE,Hesse,Frankfurt am Main,"50.1025,8.6299","AS16509 Amazon.com, Inc.",None
104.207.44.51:3128,GB,England,London,"51.5085,-0.1257","AS249941 MOSDXS Company, LLC",None
8.211.42.167:1234,EC,Guayas,Guayaquil,"-2.1962,-79.8862",AS27947 Telconet S.A,None
104.207.62.86:3128,SG,Singapore,Singapore,"1.2897,103.8501","AS45102 Alibaba (US) Technology Co., Ltd.",None
103.105.126.26:83,Unknown,Unknown,Unknown,Unknown,Unknown,None
157.66.16.35:8070,IN,Maharashtra,Mumbai,"19.0728,72.8826","AS16509 Amazon.com, Inc.",None
136.226.71.65:8800,GB,England,London,"51.5085,-0.1257","AS16509 Amazon.com, Inc.",None
156.228.88.93:3128,GB,England,London,"51.5085,-0.1257","AS16509 Amazon.com, Inc.",None
156.228.124.116:3128,GB,England,London,"51.5085,-0.1257","AS249941 MOSDXS Company, LLC",None
45.234.100.102:1080,KR,Seoul,Seoul,"37.5660,126.9784","AS16509 Amazon.com, Inc.",None
8.220.204.215:8080,Unknown,Unknown,Unknown,Unknown,Unknown,None
172.104.164.41:1080,GB,England,London,"51.5085,-0.1257","AS249941 MOSDXS Company, LLC",None
195.178.56.35:8080,GB,England,London,"51.5085,-0.1257","AS249941 MOSDXS Company, LLC",None
119.148.55.89:1419,US,Oregon,Portland,"45.5234,-122.6762","AS13335 Cloudflare, Inc.",None
8.213.197.208:9080,Unknown,Unknown,Unknown,Unknown,Unknown,None
27.79.164.240:16000,CO,Nariño,Barbacoas,"1.6715,-78.1398",AS262186 TV AZTECA SUCURSAL COLOMBIA,None
156.228.95.114:3128,FR,Île-de-France,Paris,"48.8534,2.3488",AS47583 Hostinger International Limited,None
212.47.250.36:16379,JP,Tokyo,Tokyo,"35.6895,139.6917","AS16509 Amazon.com, Inc.",None
182.53.216.73:4145,BR,Pernambuco,Jaboatão,"-8.1803,-35.0014",AS52965 1TELECOM SERVICOS DE TECNOLOGIA EM INTERNET LTDA,None
92.113.127.43:7463,Unknown,Unknown,Unknown,Unknown,Unknown,None
8.211.51.115:8008,TH,Bangkok,Bangkok,"13.7833,100.5167",AS17552 True Online,None
113.101.255.100:38801,TW,Taiwan,Taipei,"25.0531,121.5264",AS3462 Data Communication Business Group,None
46.245.69.171:8080,GB,England,London,"51.5085,-0.1257","AS249941 MOSDXS Company, LLC",None
104.143.226.125:5728,GB,England,London,"51.5085,-0.1257","AS249941 MOSDXS Company, LLC",None
78.38.100.50:8080,ID,East Java,Jember,"-8.1721,113.6995",AS150208 PT Internusa Duta Makmur,None
37.187.133.177:55120,GB,England,London,"51.5085,-0.1257","AS249941 MOSDXS Company, LLC",None
